arquivo,fonte,licenca
stop_1.jpg,Wikimedia Commons,CC BY-SA
stop_2.jpg,Wikimedia Commons,CC BY-SA
stop_3.jpg,Wikimedia Commons,CC BY-SA
stop_4.png,Wikimedia Commons,CC BY-SA
stop_5.jpg,Wikimedia Commons,CC BY-SA
stop_6.jpg,Wikimedia Commons,CC BY-SA
stop_7.jpg,Wikimedia Commons,CC BY-SA
stop_8.jpg,Wikimedia Commons,CC BY-SA
stop_9.jpg,Wikimedia Commons,CC BY-SA
stop_10.jpg,Wikimedia Commons,CC BY-SA
stop_11.jpeg,Wikimedia Commons,CC BY-SA
stop_12.jpg,Wikimedia Commons,CC BY-SA
stop_13.jpg,Wikimedia Commons,CC BY-SA
stop_14.jpg,Wikimedia Commons,CC BY-SA
stop_15.jpg,Wikimedia Commons,CC BY-SA
stop_16.jpg,Wikimedia Commons,CC BY-SA
stop_17.jpg,Wikimedia Commons,CC BY-SA
stop_18.JPG,Wikimedia Commons,CC BY-SA
stop_19.jpg,Wikimedia Commons,CC BY-SA
stop_20.JPG,Wikimedia Commons,CC BY-SA
stop_21.png,Wikimedia Commons,CC BY-SA
stop_22.jpg,Wikimedia Commons,CC BY-SA
stop_23.jpg,Wikimedia Commons,CC BY-SA
stop_24.JPG,Wikimedia Commons,CC BY-SA
stop_25.jpg,Wikimedia Commons,CC BY-SA
stop_26.jpg,Wikimedia Commons,CC BY-SA
stop_27.jpg,Wikimedia Commons,CC BY-SA
stop_28.jpg,Wikimedia Commons,CC BY-SA
stop_29.jpg,Wikimedia Commons,CC BY-SA
stop_30.jpg,Wikimedia Commons,CC BY-SA
stop_31.jpg,Wikimedia Commons,CC BY-SA
stop_32.jpg,Wikimedia Commons,CC BY-SA
stop_33.jpg,Wikimedia Commons,CC BY-SA
stop_34.JPG,Wikimedia Commons,CC BY-SA
stop_35.jpg,Wikimedia Commons,CC BY-SA
stop_36.jpeg,Wikimedia Commons,CC BY-SA
stop_37.jpg,Wikimedia Commons,CC BY-SA
stop_38.jpg,Wikimedia Commons,CC BY-SA
stop_39.jpg,Wikimedia Commons,CC BY-SA
stop_40.jpg,Wikimedia Commons,CC BY-SA
no_park_1.jpg,Wikimedia Commons,CC BY-SA
no_park_2.jpg,Wikimedia Commons,CC BY-SA
no_park_3.jpg,Wikimedia Commons,CC BY-SA
no_park_4.jpg,Wikimedia Commons,CC BY-SA
no_park_5.jpg,Wikimedia Commons,CC BY-SA
no_park_6.jpg,Wikimedia Commons,CC BY-SA
no_park_7.jpg,Wikimedia Commons,CC BY-SA
no_park_8.jpg,Wikimedia Commons,CC BY-SA
no_park_9.jpg,Wikimedia Commons,CC BY-SA
no_park_10.jpg,Wikimedia Commons,CC BY-SA
no_park_11.jpg,Wikimedia Commons,CC BY-SA
no_park_12.jpg,Wikimedia Commons,CC BY-SA
no_park_13.jpg,Wikimedia Commons,CC BY-SA
no_park_14.jpg,Wikimedia Commons,CC BY-SA
no_park_15.jpg,Wikimedia Commons,CC BY-SA
no_park_16.jpg,Wikimedia Commons,CC BY-SA
no_park_17.jpg,Wikimedia Commons,CC BY-SA
no_park_18.jpg,Wikimedia Commons,CC BY-SA
no_park_19.jpg,Wikimedia Commons,CC BY-SA
no_park_20.jpg,Wikimedia Commons,CC BY-SA
no_park_21.jpg,Wikimedia Commons,CC BY-SA
no_park_22.jpg,Wikimedia Commons,CC BY-SA
no_park_23.jpg,Wikimedia Commons,CC BY-SA
no_park_24.jpg,Wikimedia Commons,CC BY-SA
no_park_25.jpg,Wikimedia Commons,CC BY-SA
no_park_26.jpg,Wikimedia Commons,CC BY-SA
no_park_27.jpg,Wikimedia Commons,CC BY-SA
no_park_28.jpg,Wikimedia Commons,CC BY-SA
no_park_29.jpg,Wikimedia Commons,CC BY-SA
no_park_30.jpg,Wikimedia Commons,CC BY-SA
no_park_31.jpg,Wikimedia Commons,CC BY-SA
no_park_32.jpg,Wikimedia Commons,CC BY-SA
no_park_33.jpg,Wikimedia Commons,CC BY-SA
no_park_34.jpg,Wikimedia Commons,CC BY-SA
no_park_35.jpg,Wikimedia Commons,CC BY-SA
no_park_36.jpg,Wikimedia Commons,CC BY-SA
no_park_37.jpg,Wikimedia Commons,CC BY-SA
no_park_38.jpg,Wikimedia Commons,CC BY-SA
no_park_39.jpg,Wikimedia Commons,CC BY-SA
no_park_40.jpg,Wikimedia Commons,CC BY-SA
attention_1.jpg,Wikimedia Commons,CC BY-SA
attention_2.jpg,Wikimedia Commons,CC BY-SA
attention_3.jpg,Wikimedia Commons,CC BY-SA
attention_4.jpg,Wikimedia Commons,CC BY-SA
attention_5.jpg,Wikimedia Commons,CC BY-SA
attention_6.jpg,Wikimedia Commons,CC BY-SA
attention_7.jpg,Wikimedia Commons,CC BY-SA
attention_8.jpg,Wikimedia Commons,CC BY-SA
attention_9.jpg,Wikimedia Commons,CC BY-SA
attention_10.jpg,Wikimedia Commons,CC BY-SA
attention_11.jpg,Wikimedia Commons,CC BY-SA
attention_12.jpg,Wikimedia Commons,CC BY-SA
attention_13.jpg,Wikimedia Commons,CC BY-SA
attention_14.jpg,Wikimedia Commons,CC BY-SA
attention_15.jpg,Wikimedia Commons,CC BY-SA
attention_16.jpg,Wikimedia Commons,CC BY-SA
attention_17.jpg,Wikimedia Commons,CC BY-SA
attention_18.jpg,Wikimedia Commons,CC BY-SA
attention_19.jpg,Wikimedia Commons,CC BY-SA
attention_20.jpg,Wikimedia Commons,CC BY-SA
attention_21.jpg,Wikimedia Commons,CC BY-SA
attention_22.jpg,Wikimedia Commons,CC BY-SA
attention_23.jpg,Wikimedia Commons,CC BY-SA
attention_24.jpg,Wikimedia Commons,CC BY-SA
attention_25.jpg,Wikimedia Commons,CC BY-SA
attention_26.jpg,Wikimedia Commons,CC BY-SA
attention_27.jpg,Wikimedia Commons,CC BY-SA
attention_28.jpg,Wikimedia Commons,CC BY-SA
attention_29.jpg,Wikimedia Commons,CC BY-SA
attention_30.jpg,Wikimedia Commons,CC BY-SA
attention_31.jpg,Wikimedia Commons,CC BY-SA
attention_32.jpg,Wikimedia Commons,CC BY-SA
attention_33.jpg,Wikimedia Commons,CC BY-SA
attention_34.jpg,Wikimedia Commons,CC BY-SA
attention_35.jpg,Wikimedia Commons,CC BY-SA
attention_36.jpg,Wikimedia Commons,CC BY-SA
attention_37.jpg,Wikimedia Commons,CC BY-SA
attention_38.jpg,Wikimedia Commons,CC BY-SA
attention_39.jpg,Wikimedia Commons,CC BY-SA
attention_40.jpg,Wikimedia Commons,CC BY-SA

